{
  "pf": 0.8852150689947661,
  "n_trades": 2451,
  "win_rate": 0.795593635250918,
  "total_pnl_ticks": -10858.479999999996,
  "max_drawdown_ticks": 15396.479999999996,
  "per_mode": {
    "M1": {
      "pf": 0.8852150689947661,
      "n_trades": 2451,
      "win_rate": 0.795593635250918
    }
  }
}