{
  "pf": 0.8214757325054809,
  "n_trades": 4674,
  "win_rate": 0.766367137355584,
  "total_pnl_ticks": -33468.479999999996,
  "max_drawdown_ticks": 34386.95999999999,
  "per_mode": {
    "M1": {
      "pf": 0.8214757325054809,
      "n_trades": 4674,
      "win_rate": 0.766367137355584
    }
  }
}