{
  "bin_edges": {
    "F02_ZoneWidth": [
      103.0,
      297.0
    ],
    "F06_ApproachVelocity": [
      -56.0,
      27.0
    ],
    "F07_Deceleration": [
      0.9026070127504554,
      1.1263157894736842
    ],
    "F08_PriorRxnSpeed": [
      63.0,
      132.0
    ],
    "F09_ZW_ATR": [
      2.4769642857142857,
      6.030231182795701
    ],
    "F10_PriorPenetration": [
      220.0,
      590.0
    ],
    "F11_DeltaDivergence": [
      -66.0,
      -28.0
    ],
    "F12_BarDuration": [
      17.8489466,
      138.0041003
    ],
    "F13_ClosePosition": [
      0.0,
      0.16897819161970115
    ],
    "F14_AvgOrderSize": [
      1.050420168067227,
      1.091703056768559
    ],
    "F15_ZZSwingRegime": [
      -0.25,
      0.125
    ],
    "F16_ZZOscillator": [
      -7.75,
      5.0
    ],
    "F17_ATRRegime": [
      0.7884231536926147,
      0.9221556886227545
    ],
    "F20_VPDistance": [
      11362.479999999996,
      13050.0
    ],
    "F21_ZoneAge": [
      49.0,
      831.8700000000001
    ],
    "F22_RecentBreakRate": [
      0.00477326968973747,
      0.014827018121911038
    ],
    "F23_CrossTFConfluence": [
      0.0,
      2.0
    ],
    "F24_NearestZoneDist": [
      32.0,
      190.0
    ],
    "F25_BreakHistory": [
      0.923728813559322,
      0.956122035858878
    ]
  },
  "feature_stats": {
    "F02_ZoneWidth": {
      "mean": 259.47247119078105,
      "std": 250.5280308565935
    },
    "F06_ApproachVelocity": {
      "mean": -7.865728900255754,
      "std": 107.15163259932574
    },
    "F07_Deceleration": {
      "mean": 1.051535909260177,
      "std": 0.32257424410491276
    },
    "F08_PriorRxnSpeed": {
      "mean": 108.51905104241553,
      "std": 79.66213386577385
    },
    "F09_ZW_ATR": {
      "mean": 5.86473209451353,
      "std": 5.6229808792364215
    },
    "F10_PriorPenetration": {
      "mean": 533.6822429906542,
      "std": 538.7174948390045
    },
    "F11_DeltaDivergence": {
      "mean": -48.13640238704178,
      "std": 49.97905041386118
    },
    "F12_BarDuration": {
      "mean": 1420.2058310161979,
      "std": 14971.481582205497
    },
    "F13_ClosePosition": {
      "mean": 0.1728585311272067,
      "std": 0.23579501470058378
    },
    "F14_AvgOrderSize": {
      "mean": 1.091587462391212,
      "std": 0.1053037355771952
    },
    "F15_ZZSwingRegime": {
      "mean": -0.004422421142369992,
      "std": 0.7622317396276533
    },
    "F16_ZZOscillator": {
      "mean": -0.7642796248934356,
      "std": 17.332234492660113
    },
    "F17_ATRRegime": {
      "mean": 0.8444125660768035,
      "std": 0.11073014954144296
    },
    "F20_VPDistance": {
      "mean": 12220.750737564322,
      "std": 1969.462727328459
    },
    "F21_ZoneAge": {
      "mean": 3653.378361075544,
      "std": 11258.110121434003
    },
    "F22_RecentBreakRate": {
      "mean": 0.026864841911283212,
      "std": 0.06601887227704814
    },
    "F23_CrossTFConfluence": {
      "mean": 1.876385336743393,
      "std": 2.613247515823483
    },
    "F24_NearestZoneDist": {
      "mean": 248.6381074168798,
      "std": 546.4353871265432
    },
    "F25_BreakHistory": {
      "mean": 0.9171400517575118,
      "std": 0.0882406726468397
    }
  },
  "f18_threshold_ticks": 50,
  "median_cell_exit": {
    "stop": 90,
    "target": 120,
    "time_cap": 80
  },
  "baseline_rp_60": 1.007,
  "p1_touch_count": 4701,
  "generated_at": "2026-03-21T23:27:30.405334"
}