{
  "approach": "B-ZScore",
  "winning_features": [
    "F10_PriorPenetration",
    "F04_CascadeState",
    "F01_Timeframe",
    "F21_ZoneAge"
  ],
  "zscore_features": [
    "F10_PriorPenetration",
    "F04_CascadeState_PRIOR_BROKE",
    "F04_CascadeState_PRIOR_HELD",
    "F01_Timeframe_15m",
    "F01_Timeframe_240m",
    "F01_Timeframe_30m",
    "F01_Timeframe_360m",
    "F01_Timeframe_480m",
    "F01_Timeframe_60m",
    "F01_Timeframe_720m",
    "F01_Timeframe_90m",
    "F21_ZoneAge"
  ],
  "coefficients": {
    "F10_PriorPenetration": -1.640126970633522,
    "F04_CascadeState_PRIOR_BROKE": -0.08334461660944491,
    "F04_CascadeState_PRIOR_HELD": -0.07260900626318421,
    "F01_Timeframe_15m": -0.18049405659557877,
    "F01_Timeframe_240m": -0.026991583462462887,
    "F01_Timeframe_30m": -0.11768927593349764,
    "F01_Timeframe_360m": 2.5767491181451847e-05,
    "F01_Timeframe_480m": -0.03790899843203864,
    "F01_Timeframe_60m": -0.13390381613206687,
    "F01_Timeframe_720m": -0.035297140979864076,
    "F01_Timeframe_90m": -0.08564960830050276,
    "F21_ZoneAge": 0.1613108629522485
  },
  "intercept": -0.12259612309271922,
  "scaler_means": [
    468.1412465432887,
    0.8498191874069347,
    0.11444373537545204,
    0.2850457349500106,
    0.05509466071048713,
    0.20676451818761965,
    0.047223994894703254,
    0.03956604977664327,
    0.12890874282067646,
    0.03488619442671772,
    0.10444586258242927,
    4279.909806424165
  ],
  "scaler_stds": [
    438.22231058375166,
    0.3572485634987941,
    0.31834944135142684,
    0.451436223554135,
    0.2281649383049101,
    0.40498512590743524,
    0.21211763057532088,
    0.19493736809989884,
    0.33509890904786477,
    0.18349154712176516,
    0.30583806887279674,
    12685.245677388963
  ],
  "threshold": 0.7499999999999999,
  "pf_3t": 1.4962750271612604,
  "trades": 325
}