{
  "pf": 0.8012898815097544,
  "n_trades": 4674,
  "win_rate": 0.7640136927685066,
  "total_pnl_ticks": -34343.95999999999,
  "max_drawdown_ticks": 35196.479999999996,
  "per_mode": {
    "M1": {
      "pf": 0.8012898815097544,
      "n_trades": 4674,
      "win_rate": 0.7640136927685066
    }
  }
}